question,ground_truth,image,mentions
"We are a student engineering team designing a vehicle for the FSAE competition. Attached is the FSAE rules document. Also attached is an image showing seven CAD views (each boxed in black) of our vehicle design. The top, big view shows a close-up view of the design. The six smaller views on the bottom of the image show different complete views of the CAD of the vehicle and are provided for context. Note that the close-up view orientation matches one of the six complete view orientations. The close-up view may also have some components hidden (with respect to the corresponding complete view) for visualization of specific components. Looking at the close-up view, is/are any part of the the front hoop or the front roll hoop visible in the close-up view? Answer simply with yes or no.",no,1.jpg,definition
"We are a student engineering team designing a vehicle for the FSAE competition. Attached is the FSAE rules document. Also attached is an image showing seven CAD views (each boxed in black) of our vehicle design. The top, big view shows a close-up view of the design. The six smaller views on the bottom of the image show different complete views of the CAD of the vehicle and are provided for context. Note that the close-up view orientation matches one of the six complete view orientations. The close-up view may also have some components hidden (with respect to the corresponding complete view) for visualization of specific components. Looking at the close-up view, is/are any part of the the front hoop or the front roll hoop visible in the close-up view? Answer simply with yes or no.",yes,2.jpg,definition
"We are a student engineering team designing a vehicle for the FSAE competition. Attached is the FSAE rules document. Also attached is an image showing seven CAD views (each boxed in black) of our vehicle design. The top, big view shows a close-up view of the design. The six smaller views on the bottom of the image show different complete views of the CAD of the vehicle and are provided for context. Note that the close-up view orientation matches one of the six complete view orientations. The close-up view may also have some components hidden (with respect to the corresponding complete view) for visualization of specific components. Looking at the close-up view, is/are any part of the the pedal box or the pedal assembly visible in the close-up view? Answer simply with yes or no.",no,3.jpg,mentioned
"We are a student engineering team designing a vehicle for the FSAE competition. Attached is the FSAE rules document. Also attached is an image showing seven CAD views (each boxed in black) of our vehicle design. The top, big view shows a close-up view of the design. The six smaller views on the bottom of the image show different complete views of the CAD of the vehicle and are provided for context. Note that the close-up view orientation matches one of the six complete view orientations. The close-up view may also have some components hidden (with respect to the corresponding complete view) for visualization of specific components. Looking at the close-up view, is/are any part of the the pedal box or the pedal assembly visible in the close-up view? Answer simply with yes or no.",yes,4.jpg,mentioned
"We are a student engineering team designing a vehicle for the FSAE competition. Attached is the FSAE rules document. Also attached is an image showing seven CAD views (each boxed in black) of our vehicle design. The top, big view shows a close-up view of the design. The six smaller views on the bottom of the image show different complete views of the CAD of the vehicle and are provided for context. Note that the close-up view orientation matches one of the six complete view orientations. The close-up view may also have some components hidden (with respect to the corresponding complete view) for visualization of specific components. Looking at the close-up view, is/are any part of the the roll hoop or the roll hoops visible in the close-up view? Answer simply with yes or no.",no,5.jpg,definition
"We are a student engineering team designing a vehicle for the FSAE competition. Attached is the FSAE rules document. Also attached is an image showing seven CAD views (each boxed in black) of our vehicle design. The top, big view shows a close-up view of the design. The six smaller views on the bottom of the image show different complete views of the CAD of the vehicle and are provided for context. Note that the close-up view orientation matches one of the six complete view orientations. The close-up view may also have some components hidden (with respect to the corresponding complete view) for visualization of specific components. Looking at the close-up view, is/are any part of the the roll hoop or the roll hoops visible in the close-up view? Answer simply with yes or no.",yes,6.jpg,definition
"We are a student engineering team designing a vehicle for the FSAE competition. Attached is the FSAE rules document. Also attached is an image showing seven CAD views (each boxed in black) of our vehicle design. The top, big view shows a close-up view of the design. The six smaller views on the bottom of the image show different complete views of the CAD of the vehicle and are provided for context. Note that the close-up view orientation matches one of the six complete view orientations. The close-up view may also have some components hidden (with respect to the corresponding complete view) for visualization of specific components. Looking at the close-up view, is/are any part of the the main hoop visible in the close-up view? Answer simply with yes or no.",no,7.jpg,definition
"We are a student engineering team designing a vehicle for the FSAE competition. Attached is the FSAE rules document. Also attached is an image showing seven CAD views (each boxed in black) of our vehicle design. The top, big view shows a close-up view of the design. The six smaller views on the bottom of the image show different complete views of the CAD of the vehicle and are provided for context. Note that the close-up view orientation matches one of the six complete view orientations. The close-up view may also have some components hidden (with respect to the corresponding complete view) for visualization of specific components. Looking at the close-up view, is/are any part of the the main hoop visible in the close-up view? Answer simply with yes or no.",yes,8.jpg,definition
"We are a student engineering team designing a vehicle for the FSAE competition. Attached is the FSAE rules document. Also attached is an image showing seven CAD views (each boxed in black) of our vehicle design. The top, big view shows a close-up view of the design. The six smaller views on the bottom of the image show different complete views of the CAD of the vehicle and are provided for context. Note that the close-up view orientation matches one of the six complete view orientations. The close-up view may also have some components hidden (with respect to the corresponding complete view) for visualization of specific components. Looking at the close-up view, is/are any part of the the front bulkhead or the front basket visible in the close-up view? Answer simply with yes or no.",no,9.jpg,definition
"We are a student engineering team designing a vehicle for the FSAE competition. Attached is the FSAE rules document. Also attached is an image showing seven CAD views (each boxed in black) of our vehicle design. The top, big view shows a close-up view of the design. The six smaller views on the bottom of the image show different complete views of the CAD of the vehicle and are provided for context. Note that the close-up view orientation matches one of the six complete view orientations. The close-up view may also have some components hidden (with respect to the corresponding complete view) for visualization of specific components. Looking at the close-up view, is/are any part of the the front bulkhead or the front basket visible in the close-up view? Answer simply with yes or no.",yes,10.jpg,definition
"We are a student engineering team designing a vehicle for the FSAE competition. Attached is the FSAE rules document. Also attached is an image showing seven CAD views (each boxed in black) of our vehicle design. The top, big view shows a close-up view of the design. The six smaller views on the bottom of the image show different complete views of the CAD of the vehicle and are provided for context. Note that the close-up view orientation matches one of the six complete view orientations. The close-up view may also have some components hidden (with respect to the corresponding complete view) for visualization of specific components. Looking at the close-up view, is/are any part of the the chassis or the frame or the space frame visible in the close-up view? Answer simply with yes or no.",no,11.jpg,definition
"We are a student engineering team designing a vehicle for the FSAE competition. Attached is the FSAE rules document. Also attached is an image showing seven CAD views (each boxed in black) of our vehicle design. The top, big view shows a close-up view of the design. The six smaller views on the bottom of the image show different complete views of the CAD of the vehicle and are provided for context. Note that the close-up view orientation matches one of the six complete view orientations. The close-up view may also have some components hidden (with respect to the corresponding complete view) for visualization of specific components. Looking at the close-up view, is/are any part of the the chassis or the frame or the space frame visible in the close-up view? Answer simply with yes or no.",yes,12.jpg,definition
"We are a student engineering team designing a vehicle for the FSAE competition. Attached is the FSAE rules document. Also attached is an image showing seven CAD views (each boxed in black) of our vehicle design. The top, big view shows a close-up view of the design. The six smaller views on the bottom of the image show different complete views of the CAD of the vehicle and are provided for context. Note that the close-up view orientation matches one of the six complete view orientations. The close-up view may also have some components hidden (with respect to the corresponding complete view) for visualization of specific components. Looking at the close-up view, is/are any part of the the brakes or the brake system or the brake visible in the close-up view? Answer simply with yes or no.",no,13.jpg,mentioned
"We are a student engineering team designing a vehicle for the FSAE competition. Attached is the FSAE rules document. Also attached is an image showing seven CAD views (each boxed in black) of our vehicle design. The top, big view shows a close-up view of the design. The six smaller views on the bottom of the image show different complete views of the CAD of the vehicle and are provided for context. Note that the close-up view orientation matches one of the six complete view orientations. The close-up view may also have some components hidden (with respect to the corresponding complete view) for visualization of specific components. Looking at the close-up view, is/are any part of the the brakes or the brake system or the brake visible in the close-up view? Answer simply with yes or no.",yes,14.jpg,mentioned
"We are a student engineering team designing a vehicle for the FSAE competition. Attached is the FSAE rules document. Also attached is an image showing seven CAD views (each boxed in black) of our vehicle design. The top, big view shows a close-up view of the design. The six smaller views on the bottom of the image show different complete views of the CAD of the vehicle and are provided for context. Note that the close-up view orientation matches one of the six complete view orientations. The close-up view may also have some components hidden (with respect to the corresponding complete view) for visualization of specific components. Looking at the close-up view, is/are any part of the the accumulator or the accumulator container or the battery visible in the close-up view? Answer simply with yes or no.",no,15.jpg,definition
"We are a student engineering team designing a vehicle for the FSAE competition. Attached is the FSAE rules document. Also attached is an image showing seven CAD views (each boxed in black) of our vehicle design. The top, big view shows a close-up view of the design. The six smaller views on the bottom of the image show different complete views of the CAD of the vehicle and are provided for context. Note that the close-up view orientation matches one of the six complete view orientations. The close-up view may also have some components hidden (with respect to the corresponding complete view) for visualization of specific components. Looking at the close-up view, is/are any part of the the accumulator or the accumulator container or the battery visible in the close-up view? Answer simply with yes or no.",yes,16.jpg,definition
"We are a student engineering team designing a vehicle for the FSAE competition. Attached is the FSAE rules document. Also attached is an image showing seven CAD views (each boxed in black) of our vehicle design. The top, big view shows a close-up view of the design. The six smaller views on the bottom of the image show different complete views of the CAD of the vehicle and are provided for context. Note that the close-up view orientation matches one of the six complete view orientations. The close-up view may also have some components hidden (with respect to the corresponding complete view) for visualization of specific components. Looking at the close-up view, is/are any part of the the rocker arms or the rocker arm visible in the close-up view? Answer simply with yes or no.",no,17.jpg,mentioned
"We are a student engineering team designing a vehicle for the FSAE competition. Attached is the FSAE rules document. Also attached is an image showing seven CAD views (each boxed in black) of our vehicle design. The top, big view shows a close-up view of the design. The six smaller views on the bottom of the image show different complete views of the CAD of the vehicle and are provided for context. Note that the close-up view orientation matches one of the six complete view orientations. The close-up view may also have some components hidden (with respect to the corresponding complete view) for visualization of specific components. Looking at the close-up view, is/are any part of the the rocker arms or the rocker arm visible in the close-up view? Answer simply with yes or no.",yes,18.jpg,mentioned
"We are a student engineering team designing a vehicle for the FSAE competition. Attached is the FSAE rules document. Also attached is an image showing seven CAD views (each boxed in black) of our vehicle design. The top, big view shows a close-up view of the design. The six smaller views on the bottom of the image show different complete views of the CAD of the vehicle and are provided for context. Note that the close-up view orientation matches one of the six complete view orientations. The close-up view may also have some components hidden (with respect to the corresponding complete view) for visualization of specific components. Looking at the close-up view, is/are any part of the the uprights or the upright visible in the close-up view? Answer simply with yes or no.",no,19.jpg,mentioned
"We are a student engineering team designing a vehicle for the FSAE competition. Attached is the FSAE rules document. Also attached is an image showing seven CAD views (each boxed in black) of our vehicle design. The top, big view shows a close-up view of the design. The six smaller views on the bottom of the image show different complete views of the CAD of the vehicle and are provided for context. Note that the close-up view orientation matches one of the six complete view orientations. The close-up view may also have some components hidden (with respect to the corresponding complete view) for visualization of specific components. Looking at the close-up view, is/are any part of the the uprights or the upright visible in the close-up view? Answer simply with yes or no.",yes,20.jpg,mentioned
"We are a student engineering team designing a vehicle for the FSAE competition. Attached is the FSAE rules document. Also attached is an image showing seven CAD views (each boxed in black) of our vehicle design. The top, big view shows a close-up view of the design. The six smaller views on the bottom of the image show different complete views of the CAD of the vehicle and are provided for context. Note that the close-up view orientation matches one of the six complete view orientations. The close-up view may also have some components hidden (with respect to the corresponding complete view) for visualization of specific components. Looking at the close-up view, is/are any part of the the wheel centers or the wheel center visible in the close-up view? Answer simply with yes or no.",no,21.jpg,mentioned
"We are a student engineering team designing a vehicle for the FSAE competition. Attached is the FSAE rules document. Also attached is an image showing seven CAD views (each boxed in black) of our vehicle design. The top, big view shows a close-up view of the design. The six smaller views on the bottom of the image show different complete views of the CAD of the vehicle and are provided for context. Note that the close-up view orientation matches one of the six complete view orientations. The close-up view may also have some components hidden (with respect to the corresponding complete view) for visualization of specific components. Looking at the close-up view, is/are any part of the the wheel centers or the wheel center visible in the close-up view? Answer simply with yes or no.",yes,22.jpg,mentioned
"We are a student engineering team designing a vehicle for the FSAE competition. Attached is the FSAE rules document. Also attached is an image showing seven CAD views (each boxed in black) of our vehicle design. The top, big view shows a close-up view of the design. The six smaller views on the bottom of the image show different complete views of the CAD of the vehicle and are provided for context. Note that the close-up view orientation matches one of the six complete view orientations. The close-up view may also have some components hidden (with respect to the corresponding complete view) for visualization of specific components. Looking at the close-up view, is/are any part of the the steering wheel visible in the close-up view? Answer simply with yes or no.",no,23.jpg,mentioned
"We are a student engineering team designing a vehicle for the FSAE competition. Attached is the FSAE rules document. Also attached is an image showing seven CAD views (each boxed in black) of our vehicle design. The top, big view shows a close-up view of the design. The six smaller views on the bottom of the image show different complete views of the CAD of the vehicle and are provided for context. Note that the close-up view orientation matches one of the six complete view orientations. The close-up view may also have some components hidden (with respect to the corresponding complete view) for visualization of specific components. Looking at the close-up view, is/are any part of the the steering wheel visible in the close-up view? Answer simply with yes or no.",yes,24.jpg,mentioned
"We are a student engineering team designing a vehicle for the FSAE competition. Attached is the FSAE rules document. Also attached is an image showing seven CAD views (each boxed in black) of our vehicle design. The top, big view shows a close-up view of the design. The six smaller views on the bottom of the image show different complete views of the CAD of the vehicle and are provided for context. Note that the close-up view orientation matches one of the six complete view orientations. The close-up view may also have some components hidden (with respect to the corresponding complete view) for visualization of specific components. Looking at the close-up view, is/are any part of the the steering column visible in the close-up view? Answer simply with yes or no.",no,25.jpg,mentioned
"We are a student engineering team designing a vehicle for the FSAE competition. Attached is the FSAE rules document. Also attached is an image showing seven CAD views (each boxed in black) of our vehicle design. The top, big view shows a close-up view of the design. The six smaller views on the bottom of the image show different complete views of the CAD of the vehicle and are provided for context. Note that the close-up view orientation matches one of the six complete view orientations. The close-up view may also have some components hidden (with respect to the corresponding complete view) for visualization of specific components. Looking at the close-up view, is/are any part of the the steering column visible in the close-up view? Answer simply with yes or no.",yes,26.jpg,mentioned
"We are a student engineering team designing a vehicle for the FSAE competition. Attached is the FSAE rules document. Also attached is an image showing seven CAD views (each boxed in black) of our vehicle design. The top, big view shows a close-up view of the design. The six smaller views on the bottom of the image show different complete views of the CAD of the vehicle and are provided for context. Note that the close-up view orientation matches one of the six complete view orientations. The close-up view may also have some components hidden (with respect to the corresponding complete view) for visualization of specific components. Looking at the close-up view, is/are any part of the the steering rack visible in the close-up view? Answer simply with yes or no.",no,27.jpg,mentioned
"We are a student engineering team designing a vehicle for the FSAE competition. Attached is the FSAE rules document. Also attached is an image showing seven CAD views (each boxed in black) of our vehicle design. The top, big view shows a close-up view of the design. The six smaller views on the bottom of the image show different complete views of the CAD of the vehicle and are provided for context. Note that the close-up view orientation matches one of the six complete view orientations. The close-up view may also have some components hidden (with respect to the corresponding complete view) for visualization of specific components. Looking at the close-up view, is/are any part of the the steering rack visible in the close-up view? Answer simply with yes or no.",yes,28.jpg,mentioned
"We are a student engineering team designing a vehicle for the FSAE competition. Attached is the FSAE rules document. Also attached is an image showing seven CAD views (each boxed in black) of our vehicle design. The top, big view shows a close-up view of the design. The six smaller views on the bottom of the image show different complete views of the CAD of the vehicle and are provided for context. Note that the close-up view orientation matches one of the six complete view orientations. The close-up view may also have some components hidden (with respect to the corresponding complete view) for visualization of specific components. Looking at the close-up view, is/are any part of the the powertrain or the drivetrain visible in the close-up view? Answer simply with yes or no.",no,29.jpg,mentioned
"We are a student engineering team designing a vehicle for the FSAE competition. Attached is the FSAE rules document. Also attached is an image showing seven CAD views (each boxed in black) of our vehicle design. The top, big view shows a close-up view of the design. The six smaller views on the bottom of the image show different complete views of the CAD of the vehicle and are provided for context. Note that the close-up view orientation matches one of the six complete view orientations. The close-up view may also have some components hidden (with respect to the corresponding complete view) for visualization of specific components. Looking at the close-up view, is/are any part of the the powertrain or the drivetrain visible in the close-up view? Answer simply with yes or no.",yes,30.jpg,mentioned
"We are a student engineering team designing a vehicle for the FSAE competition. Attached is the FSAE rules document. Also attached is an image showing seven CAD views (each boxed in black) of our vehicle design. The top, big view shows a close-up view of the design. The six smaller views on the bottom of the image show different complete views of the CAD of the vehicle and are provided for context. Note that the close-up view orientation matches one of the six complete view orientations. The close-up view may also have some components hidden (with respect to the corresponding complete view) for visualization of specific components. Looking at the close-up view, is/are any part of the the master cylinders or the master cylinder visible in the close-up view? Answer simply with yes or no.",no,31.jpg,mentioned
"We are a student engineering team designing a vehicle for the FSAE competition. Attached is the FSAE rules document. Also attached is an image showing seven CAD views (each boxed in black) of our vehicle design. The top, big view shows a close-up view of the design. The six smaller views on the bottom of the image show different complete views of the CAD of the vehicle and are provided for context. Note that the close-up view orientation matches one of the six complete view orientations. The close-up view may also have some components hidden (with respect to the corresponding complete view) for visualization of specific components. Looking at the close-up view, is/are any part of the the master cylinders or the master cylinder visible in the close-up view? Answer simply with yes or no.",yes,32.jpg,mentioned
"We are a student engineering team designing a vehicle for the FSAE competition. Attached is the FSAE rules document. Also attached is an image showing seven CAD views (each boxed in black) of our vehicle design. The top, big view shows a close-up view of the design. The six smaller views on the bottom of the image show different complete views of the CAD of the vehicle and are provided for context. Note that the close-up view orientation matches one of the six complete view orientations. The close-up view may also have some components hidden (with respect to the corresponding complete view) for visualization of specific components. Looking at the close-up view, is/are any part of the the APPS or the accelerator pedal position sensor visible in the close-up view? Answer simply with yes or no.",no,33.jpg,mentioned
"We are a student engineering team designing a vehicle for the FSAE competition. Attached is the FSAE rules document. Also attached is an image showing seven CAD views (each boxed in black) of our vehicle design. The top, big view shows a close-up view of the design. The six smaller views on the bottom of the image show different complete views of the CAD of the vehicle and are provided for context. Note that the close-up view orientation matches one of the six complete view orientations. The close-up view may also have some components hidden (with respect to the corresponding complete view) for visualization of specific components. Looking at the close-up view, is/are any part of the the APPS or the accelerator pedal position sensor visible in the close-up view? Answer simply with yes or no.",yes,34.jpg,mentioned
"We are a student engineering team designing a vehicle for the FSAE competition. Attached is the FSAE rules document. Also attached is an image showing seven CAD views (each boxed in black) of our vehicle design. The top, big view shows a close-up view of the design. The six smaller views on the bottom of the image show different complete views of the CAD of the vehicle and are provided for context. Note that the close-up view orientation matches one of the six complete view orientations. The close-up view may also have some components hidden (with respect to the corresponding complete view) for visualization of specific components. Looking at the close-up view, is/are any part of the the aero package or the aerodynamic package or the aero devices or the aerodynamic devices visible in the close-up view? Answer simply with yes or no.",no,35.jpg,mentioned
"We are a student engineering team designing a vehicle for the FSAE competition. Attached is the FSAE rules document. Also attached is an image showing seven CAD views (each boxed in black) of our vehicle design. The top, big view shows a close-up view of the design. The six smaller views on the bottom of the image show different complete views of the CAD of the vehicle and are provided for context. Note that the close-up view orientation matches one of the six complete view orientations. The close-up view may also have some components hidden (with respect to the corresponding complete view) for visualization of specific components. Looking at the close-up view, is/are any part of the the aero package or the aerodynamic package or the aero devices or the aerodynamic devices visible in the close-up view? Answer simply with yes or no.",yes,36.jpg,mentioned
"We are a student engineering team designing a vehicle for the FSAE competition. Attached is the FSAE rules document. Also attached is an image showing seven CAD views (each boxed in black) of our vehicle design. The top, big view shows a close-up view of the design. The six smaller views on the bottom of the image show different complete views of the CAD of the vehicle and are provided for context. Note that the close-up view orientation matches one of the six complete view orientations. The close-up view may also have some components hidden (with respect to the corresponding complete view) for visualization of specific components. Looking at the close-up view, is/are any part of the the rear wing visible in the close-up view? Answer simply with yes or no.",no,37.jpg,not_mentioned
"We are a student engineering team designing a vehicle for the FSAE competition. Attached is the FSAE rules document. Also attached is an image showing seven CAD views (each boxed in black) of our vehicle design. The top, big view shows a close-up view of the design. The six smaller views on the bottom of the image show different complete views of the CAD of the vehicle and are provided for context. Note that the close-up view orientation matches one of the six complete view orientations. The close-up view may also have some components hidden (with respect to the corresponding complete view) for visualization of specific components. Looking at the close-up view, is/are any part of the the rear wing visible in the close-up view? Answer simply with yes or no.",yes,38.jpg,not_mentioned
"We are a student engineering team designing a vehicle for the FSAE competition. Attached is the FSAE rules document. Also attached is an image showing seven CAD views (each boxed in black) of our vehicle design. The top, big view shows a close-up view of the design. The six smaller views on the bottom of the image show different complete views of the CAD of the vehicle and are provided for context. Note that the close-up view orientation matches one of the six complete view orientations. The close-up view may also have some components hidden (with respect to the corresponding complete view) for visualization of specific components. Looking at the close-up view, is/are any part of the the undertray or the diffuser visible in the close-up view? Answer simply with yes or no.",no,39.jpg,mentioned
"We are a student engineering team designing a vehicle for the FSAE competition. Attached is the FSAE rules document. Also attached is an image showing seven CAD views (each boxed in black) of our vehicle design. The top, big view shows a close-up view of the design. The six smaller views on the bottom of the image show different complete views of the CAD of the vehicle and are provided for context. Note that the close-up view orientation matches one of the six complete view orientations. The close-up view may also have some components hidden (with respect to the corresponding complete view) for visualization of specific components. Looking at the close-up view, is/are any part of the the undertray or the diffuser visible in the close-up view? Answer simply with yes or no.",yes,40.jpg,mentioned
"We are a student engineering team designing a vehicle for the FSAE competition. Attached is the FSAE rules document. Also attached is an image showing seven CAD views (each boxed in black) of our vehicle design. The top, big view shows a close-up view of the design. The six smaller views on the bottom of the image show different complete views of the CAD of the vehicle and are provided for context. Note that the close-up view orientation matches one of the six complete view orientations. The close-up view may also have some components hidden (with respect to the corresponding complete view) for visualization of specific components. Looking at the close-up view, is/are any part of the the endplates or the endplate visible in the close-up view? Answer simply with yes or no.",no,41.jpg,mentioned
"We are a student engineering team designing a vehicle for the FSAE competition. Attached is the FSAE rules document. Also attached is an image showing seven CAD views (each boxed in black) of our vehicle design. The top, big view shows a close-up view of the design. The six smaller views on the bottom of the image show different complete views of the CAD of the vehicle and are provided for context. Note that the close-up view orientation matches one of the six complete view orientations. The close-up view may also have some components hidden (with respect to the corresponding complete view) for visualization of specific components. Looking at the close-up view, is/are any part of the the endplates or the endplate visible in the close-up view? Answer simply with yes or no.",yes,42.jpg,mentioned
"We are a student engineering team designing a vehicle for the FSAE competition. Attached is the FSAE rules document. Also attached is an image showing seven CAD views (each boxed in black) of our vehicle design. The top, big view shows a close-up view of the design. The six smaller views on the bottom of the image show different complete views of the CAD of the vehicle and are provided for context. Note that the close-up view orientation matches one of the six complete view orientations. The close-up view may also have some components hidden (with respect to the corresponding complete view) for visualization of specific components. Looking at the close-up view, is/are any part of the the front wing visible in the close-up view? Answer simply with yes or no.",no,43.jpg,mentioned
"We are a student engineering team designing a vehicle for the FSAE competition. Attached is the FSAE rules document. Also attached is an image showing seven CAD views (each boxed in black) of our vehicle design. The top, big view shows a close-up view of the design. The six smaller views on the bottom of the image show different complete views of the CAD of the vehicle and are provided for context. Note that the close-up view orientation matches one of the six complete view orientations. The close-up view may also have some components hidden (with respect to the corresponding complete view) for visualization of specific components. Looking at the close-up view, is/are any part of the the front wing visible in the close-up view? Answer simply with yes or no.",yes,44.jpg,mentioned
"We are a student engineering team designing a vehicle for the FSAE competition. Attached is the FSAE rules document. Also attached is an image showing seven CAD views (each boxed in black) of our vehicle design. The top, big view shows a close-up view of the design. The six smaller views on the bottom of the image show different complete views of the CAD of the vehicle and are provided for context. Note that the close-up view orientation matches one of the six complete view orientations. The close-up view may also have some components hidden (with respect to the corresponding complete view) for visualization of specific components. Looking at the close-up view, is/are any part of the the AArm or the AArms visible in the close-up view? Answer simply with yes or no.",no,45.jpg,not_mentioned
"We are a student engineering team designing a vehicle for the FSAE competition. Attached is the FSAE rules document. Also attached is an image showing seven CAD views (each boxed in black) of our vehicle design. The top, big view shows a close-up view of the design. The six smaller views on the bottom of the image show different complete views of the CAD of the vehicle and are provided for context. Note that the close-up view orientation matches one of the six complete view orientations. The close-up view may also have some components hidden (with respect to the corresponding complete view) for visualization of specific components. Looking at the close-up view, is/are any part of the the AArm or the AArms visible in the close-up view? Answer simply with yes or no.",yes,46.jpg,not_mentioned
"We are a student engineering team designing a vehicle for the FSAE competition. Attached is the FSAE rules document. Also attached is an image showing seven CAD views (each boxed in black) of our vehicle design. The top, big view shows a close-up view of the design. The six smaller views on the bottom of the image show different complete views of the CAD of the vehicle and are provided for context. Note that the close-up view orientation matches one of the six complete view orientations. The close-up view may also have some components hidden (with respect to the corresponding complete view) for visualization of specific components. Looking at the close-up view, is/are any part of the the toe rod or the toe rods visible in the close-up view? Answer simply with yes or no.",no,47.jpg,not_mentioned
"We are a student engineering team designing a vehicle for the FSAE competition. Attached is the FSAE rules document. Also attached is an image showing seven CAD views (each boxed in black) of our vehicle design. The top, big view shows a close-up view of the design. The six smaller views on the bottom of the image show different complete views of the CAD of the vehicle and are provided for context. Note that the close-up view orientation matches one of the six complete view orientations. The close-up view may also have some components hidden (with respect to the corresponding complete view) for visualization of specific components. Looking at the close-up view, is/are any part of the the toe rod or the toe rods visible in the close-up view? Answer simply with yes or no.",yes,48.jpg,not_mentioned
"We are a student engineering team designing a vehicle for the FSAE competition. Attached is the FSAE rules document. Also attached is an image showing seven CAD views (each boxed in black) of our vehicle design. The top, big view shows a close-up view of the design. The six smaller views on the bottom of the image show different complete views of the CAD of the vehicle and are provided for context. Note that the close-up view orientation matches one of the six complete view orientations. The close-up view may also have some components hidden (with respect to the corresponding complete view) for visualization of specific components. Looking at the close-up view, is/are any part of the the tie rod or the tie rods visible in the close-up view? Answer simply with yes or no.",no,49.jpg,mentioned
"We are a student engineering team designing a vehicle for the FSAE competition. Attached is the FSAE rules document. Also attached is an image showing seven CAD views (each boxed in black) of our vehicle design. The top, big view shows a close-up view of the design. The six smaller views on the bottom of the image show different complete views of the CAD of the vehicle and are provided for context. Note that the close-up view orientation matches one of the six complete view orientations. The close-up view may also have some components hidden (with respect to the corresponding complete view) for visualization of specific components. Looking at the close-up view, is/are any part of the the tie rod or the tie rods visible in the close-up view? Answer simply with yes or no.",yes,50.jpg,mentioned
"We are a student engineering team designing a vehicle for the FSAE competition. Attached is the FSAE rules document. Also attached is an image showing seven CAD views (each boxed in black) of our vehicle design. The top, big view shows a close-up view of the design. The six smaller views on the bottom of the image show different complete views of the CAD of the vehicle and are provided for context. Note that the close-up view orientation matches one of the six complete view orientations. The close-up view may also have some components hidden (with respect to the corresponding complete view) for visualization of specific components. Looking at the close-up view, is/are any part of the the pull rod or the pull rods visible in the close-up view? Answer simply with yes or no.",no,51.jpg,not_mentioned
"We are a student engineering team designing a vehicle for the FSAE competition. Attached is the FSAE rules document. Also attached is an image showing seven CAD views (each boxed in black) of our vehicle design. The top, big view shows a close-up view of the design. The six smaller views on the bottom of the image show different complete views of the CAD of the vehicle and are provided for context. Note that the close-up view orientation matches one of the six complete view orientations. The close-up view may also have some components hidden (with respect to the corresponding complete view) for visualization of specific components. Looking at the close-up view, is/are any part of the the pull rod or the pull rods visible in the close-up view? Answer simply with yes or no.",yes,52.jpg,not_mentioned
"We are a student engineering team designing a vehicle for the FSAE competition. Attached is the FSAE rules document. Also attached is an image showing seven CAD views (each boxed in black) of our vehicle design. The top, big view shows a close-up view of the design. The six smaller views on the bottom of the image show different complete views of the CAD of the vehicle and are provided for context. Note that the close-up view orientation matches one of the six complete view orientations. The close-up view may also have some components hidden (with respect to the corresponding complete view) for visualization of specific components. Looking at the close-up view, is/are any part of the the ARBs or the anti-roll bars or the anti-roll bar visible in the close-up view? Answer simply with yes or no.",no,53.jpg,not_mentioned
"We are a student engineering team designing a vehicle for the FSAE competition. Attached is the FSAE rules document. Also attached is an image showing seven CAD views (each boxed in black) of our vehicle design. The top, big view shows a close-up view of the design. The six smaller views on the bottom of the image show different complete views of the CAD of the vehicle and are provided for context. Note that the close-up view orientation matches one of the six complete view orientations. The close-up view may also have some components hidden (with respect to the corresponding complete view) for visualization of specific components. Looking at the close-up view, is/are any part of the the ARBs or the anti-roll bars or the anti-roll bar visible in the close-up view? Answer simply with yes or no.",yes,54.jpg,not_mentioned
"We are a student engineering team designing a vehicle for the FSAE competition. Attached is the FSAE rules document. Also attached is an image showing seven CAD views (each boxed in black) of our vehicle design. The top, big view shows a close-up view of the design. The six smaller views on the bottom of the image show different complete views of the CAD of the vehicle and are provided for context. Note that the close-up view orientation matches one of the six complete view orientations. The close-up view may also have some components hidden (with respect to the corresponding complete view) for visualization of specific components. Looking at the close-up view, is/are any part of the the seat visible in the close-up view? Answer simply with yes or no.",no,55.jpg,mentioned
"We are a student engineering team designing a vehicle for the FSAE competition. Attached is the FSAE rules document. Also attached is an image showing seven CAD views (each boxed in black) of our vehicle design. The top, big view shows a close-up view of the design. The six smaller views on the bottom of the image show different complete views of the CAD of the vehicle and are provided for context. Note that the close-up view orientation matches one of the six complete view orientations. The close-up view may also have some components hidden (with respect to the corresponding complete view) for visualization of specific components. Looking at the close-up view, is/are any part of the the seat visible in the close-up view? Answer simply with yes or no.",yes,56.jpg,mentioned
"We are a student engineering team designing a vehicle for the FSAE competition. Attached is the FSAE rules document. Also attached is an image showing seven CAD views (each boxed in black) of our vehicle design. The top, big view shows a close-up view of the design. The six smaller views on the bottom of the image show different complete views of the CAD of the vehicle and are provided for context. Note that the close-up view orientation matches one of the six complete view orientations. The close-up view may also have some components hidden (with respect to the corresponding complete view) for visualization of specific components. Looking at the close-up view, is/are any part of the the nosecone and body panels visible in the close-up view? Answer simply with yes or no.",no,57.jpg,mentioned
"We are a student engineering team designing a vehicle for the FSAE competition. Attached is the FSAE rules document. Also attached is an image showing seven CAD views (each boxed in black) of our vehicle design. The top, big view shows a close-up view of the design. The six smaller views on the bottom of the image show different complete views of the CAD of the vehicle and are provided for context. Note that the close-up view orientation matches one of the six complete view orientations. The close-up view may also have some components hidden (with respect to the corresponding complete view) for visualization of specific components. Looking at the close-up view, is/are any part of the the nosecone and body panels visible in the close-up view? Answer simply with yes or no.",yes,58.jpg,mentioned
"We are a student engineering team designing a vehicle for the FSAE competition. Attached is the FSAE rules document. Also attached is an image showing seven CAD views (each boxed in black) of our vehicle design. The top, big view shows a close-up view of the design. The six smaller views on the bottom of the image show different complete views of the CAD of the vehicle and are provided for context. Note that the close-up view orientation matches one of the six complete view orientations. The close-up view may also have some components hidden (with respect to the corresponding complete view) for visualization of specific components. Looking at the close-up view, is/are any part of the the motor visible in the close-up view? Answer simply with yes or no.",no,59.jpg,mentioned
"We are a student engineering team designing a vehicle for the FSAE competition. Attached is the FSAE rules document. Also attached is an image showing seven CAD views (each boxed in black) of our vehicle design. The top, big view shows a close-up view of the design. The six smaller views on the bottom of the image show different complete views of the CAD of the vehicle and are provided for context. Note that the close-up view orientation matches one of the six complete view orientations. The close-up view may also have some components hidden (with respect to the corresponding complete view) for visualization of specific components. Looking at the close-up view, is/are any part of the the motor visible in the close-up view? Answer simply with yes or no.",yes,60.jpg,mentioned
"We are a student engineering team designing a vehicle for the FSAE competition. Attached is the FSAE rules document. Also attached is an image showing seven CAD views (each boxed in black) of our vehicle design. The top, big view shows a close-up view of the design. The six smaller views on the bottom of the image show different complete views of the CAD of the vehicle and are provided for context. Note that the close-up view orientation matches one of the six complete view orientations. The close-up view may also have some components hidden (with respect to the corresponding complete view) for visualization of specific components. Looking at the close-up view, is/are any part of the the firewall visible in the close-up view? Answer simply with yes or no.",no,61.jpg,mentioned
"We are a student engineering team designing a vehicle for the FSAE competition. Attached is the FSAE rules document. Also attached is an image showing seven CAD views (each boxed in black) of our vehicle design. The top, big view shows a close-up view of the design. The six smaller views on the bottom of the image show different complete views of the CAD of the vehicle and are provided for context. Note that the close-up view orientation matches one of the six complete view orientations. The close-up view may also have some components hidden (with respect to the corresponding complete view) for visualization of specific components. Looking at the close-up view, is/are any part of the the firewall visible in the close-up view? Answer simply with yes or no.",yes,62.jpg,mentioned
